"","suppdem"
"1",0.247413965839306
"2",0.578609544432699
"3",0.40261266407565
"4",0.286386730055244
"5",0.0446449378548761
"6",0.624717885922687
"7",0.286299302719201
"8",0.509443701842914
"9",0.388117043739909
"10",0.499122854225772
"11",0.547787098480997
"12",0.339406207272953
"13",0.204862754567982
"14",0.260088137537415
"15",0.343528155770687
"16",0.13707780419831
"17",0.156068213709433
"18",0.0945642923598578
"19",0.143944999729413
"20",0.396125724672172
"21",0.320494859471341
"22",0.449901527197832
"23",0.766548772060522
"24",0.463201274223216
"25",0.473579891949132
"26",0.11171595399729
"27",0.186852374030557
"28",0.29388048877252
"29",0.534703851746232
"30",0.339063124609638
"31",0.379084547870553
"32",0.437086034114509
"33",0.251982854396683
"34",0.487224077411764
"35",0.473654056577038
"36",0.8871751135291
"37",0.225352123594063
"38",0.216304353914762
"39",0.14517479956294
"40",0.663435244330832
"41",0.294295921695362
"42",0.806827932671747
"43",0.193633115646556
"44",0.544918942639147
"45",0.284835084553271
"46",0.129143719195156
"47",0.34546314292336
"48",0.0966235358119326
"49",0.401822250533252
"50",0.49380776186689
"51",0.29883854023945
"52",0.418057760513858
"53",0.515302087862781
"54",0.804620977259502
"55",0.51473311829869
"56",0.392566164613419
"57",0.408388656137685
"58",0.240492955713254
"59",0.279639547363118
"60",0.393304531950121
"61",0.277982285276128
"62",0.135635034369412
"63",0.129051031571893
"64",0.379051095825212
"65",0.186985590283768
"66",0.481001068516678
"67",0.29796876094683
"68",0.324496644098729
"69",0.261227746503094
"70",0.126254634948244
"71",0.41547710798883
"72",0.0445175804683693
"73",0.520095544781171
"74",0.148713827846015
"75",0.152410371247117
"76",0.475470870750967
"77",0.430557969926118
"78",0.381027455250709
"79",0.540542036386295
"80",0.78061814270225
"81",0.0479858004656632
"82",0.426177569612795
"83",0.111126487433807
"84",0.31002000755618
"85",0.207534746198975
"86",0.432182527429692
"87",0.225272576158273
"88",0.305777274361513
"89",0.623199889288934
"90",0.503516625190994
"91",0.340605352323299
"92",0.0942979185701503
"93",0.287851181071956
"94",0.41368167717527
"95",0.56183406599854
"96",0.0647552361007364
"97",0.428518785265247
"98",0.288309912407192
"99",0.155409229481311
"100",0.356118961977599
"101",0.520997168621321
"102",0.489608201554996
"103",0.406980741782021
"104",0.335250203762479
"105",0.0819487637642204
"106",0.675511216284722
"107",0.579163820328475
"108",0.595915131722078
"109",0.331909054001417
"110",0.156121882449163
"111",0.508386504170004
"112",0.524820756593094
"113",0.359545860044502
"114",0.41990984114894
"115",0.233031966841945
"116",0.368122414826622
"117",0.541609060055099
"118",0.324299982813406
"119",0.125408664560563
"120",0.670095021645022
"121",0.725426570418163
"122",0.430208091491141
"123",0.910002259084129
"124",0.408054828468693
"125",0.162603822888677
"126",0.890462887967296
"127",0.107418267834172
"128",0.37733014637112
"129",0.547996595101303
"130",0.140426149450481
"131",0.0740942811040001
"132",0.46321814176024
"133",0.134501821369544
"134",0.0785499804317899
"135",0.596578834390835
"136",0.177091726507565
"137",0.0631774932472202
"138",0.22324603952675
"139",0.18482971970589
"140",0.48631367939978
"141",0.310642641053914
"142",0.29788294589243
"143",0.303501842716344
"144",0.365467640388697
"145",0.157584987933599
"146",0.337900975783334
"147",0.489084913806909
"148",0.295978846200736
"149",0.153259824773868
"150",0.334035019785562
"151",0.62982418362865
"152",0.664933193738629
"153",0.285904270362817
"154",0.147685768725814
"155",0.289379571787389
"156",0.837455812453992
"157",0.121884982806072
"158",0.7787979999746
"159",0.463876906110314
"160",0.32030220749558
"161",0.256305528764446
"162",0.336450357826356
"163",0.607745768337623
"164",0.865699047602747
"165",0.263513228253058
"166",0.210471778004579
"167",0.841989581298965
"168",0.34966859581096
"169",0.200453858547843
"170",0.0864003612836926
"171",0.0698765372657582
"172",0.380372954143558
"173",0.437959256597061
"174",0.117571326746637
"175",0.649339905241118
"176",0.412236258542442
"177",0.498353754355653
"178",0.377314262371615
"179",0.0899798302070471
"180",0.169449448618589
"181",0.599202310696349
"182",0.528440824009837
"183",0.330980917688698
"184",0.555202049738186
"185",0.289379571787389
"186",0.46014536065362
"187",0.593271080589375
"188",0.0957910025083686
"189",0.173943404155441
"190",0.778962475117643
"191",0.366939432771089
"192",0.352477774974864
"193",0.0707496901736859
"194",0.566124443425273
"195",0.117953641944333
"196",0.397631650981273
"197",0.364628003977154
"198",0.239304250896722
"199",0.279647230366481
"200",0.22908054359795
"201",0.554157924781608
"202",0.14409730534775
"203",0.20379770239337
"204",0.411832400865687
"205",0.273572738022957
"206",0.366157026553729
"207",0.480067978435583
"208",0.236983620379203
"209",0.41461754694703
"210",0.132068216443865
"211",0.339621826121989
"212",0.455914842603033
"213",0.346958645088316
"214",0.274558635826545
"215",0.614596108163972
"216",0.373208153047379
"217",0.809695979161538
"218",0.505425077583533
"219",0.720968351686224
"220",0.310232074394048
"221",0.277122355834469
"222",0.121146896939034
"223",0.367926755684425
"224",0.539920178997685
"225",0.345265551035814
"226",0.793889521366722
"227",0.0561797286816386
"228",0.639459077399758
"229",0.367658145692325
"230",0.373444473577269
"231",0.113243841633348
"232",0.232432559000128
"233",0.229294732124506
"234",0.174543796515894
"235",0.379648731509948
"236",0.41243204866019
"237",0.393065455261523
"238",0.220642472081748
"239",0.26289869789897
"240",0.331654556288973
"241",0.178534822322032
"242",0.590171116896003
"243",0.26869272687965
"244",0.192202714109245
"245",0.520725548525548
"246",0.254472508134397
"247",0.240954435552841
"248",0.205669283007784
"249",0.0905227509967545
"250",0.172473447186167
"251",0.152218778198981
"252",0.706703708905824
"253",0.122776191368847
"254",0.0328774277908965
"255",0.362877783762981
"256",0.145739063641117
"257",0.650475019219416
"258",0.558528751607339
"259",0.330204232244974
"260",0.497035745365745
"261",0.241401880826984
"262",0.261364169667124
"263",0.190856216830509
"264",0.120856640333578
"265",0.575268386911565
"266",0.435573451929844
"267",0.187956689673198
"268",0.662809278145605
"269",0.28932779540091
"270",0.668964420237251
"271",0.189511120953831
"272",0.29718687911888
"273",0.214728758486241
"274",0.146736239063749
"275",0.722281880555718
"276",0.241774930204959
"277",0.204926178743096
"278",0.215138130404853
"279",0.535827472153479
"280",0.49380776186689
"281",0.244679342660211
"282",0.337000224333933
"283",0.333470299661537
"284",0.320513300130308
"285",0.297920411655101
"286",0.332367137072378
"287",0.455919219886121
"288",0.657925755568354
"289",0.0821960255412101
"290",0.103224949748718
"291",0.16988052397089
"292",0.308831506502213
"293",0.743866055881009
"294",0.349552138093065
"295",0.594594704509116
"296",0.409658873843367
"297",0.366181256072773
"298",0.307584202645759
"299",0.223596154455407
"300",0.409864090051653
"301",0.349563903677975
"302",0.469635609952377
"303",0.640596445135972
"304",0.487406347924548
"305",0.202613630591486
"306",0.824236182139127
"307",0.796883481992839
"308",0.0498086902609666
"309",0.397958804694923
"310",0.50729877015124
"311",0.160169579259864
"312",0.555697899633009
"313",0.109617811355444
"314",0.626332773591889
"315",0.394712592904197
"316",0.198213072364746
"317",0.193810406039302
"318",0.342583316056891
"319",0.150756949011002
"320",0.218345349396471
"321",0.345908916413777
"322",0.754368800877502
"323",0.788739020721511
"324",0.141760796128419
"325",0.278769052932562
"326",0.373054402641574
"327",0.16134874024126
"328",0.516780287076185
"329",0.427054367285131
"330",0.343336553535824
"331",0.470114334952433
"332",0.288638275148673
"333",0.379570607587152
"334",0.571866957337821
"335",0.333690559446227
"336",0.324258075111477
"337",0.268649428584831
"338",0.34165843798023
"339",0.552575975281877
"340",0.198219112187226
"341",0.429165983769993
"342",0.247084599113256
"343",0.46841295674941
"344",0.284015894696167
"345",0.157652423772371
"346",0.38669096484427
"347",0.414253498598375
"348",0.521641981546311
"349",0.780755333771879
"350",0.114275076910828
"351",0.353908707478539
"352",0.259057138611613
"353",0.109930064028808
"354",0.345244503187028
"355",0.446763909003252
"356",0.428390198071272
"357",0.738529087132223
"358",0.175802152761217
"359",0.368487786633645
"360",0.215598169278019
"361",0.354876935492529
"362",0.141241738025567
"363",0.166573783057778
"364",0.12125786866077
"365",0.68567422565766
"366",0.552025178935729
"367",0.321838606779253
"368",0.316071393381293
"369",0.376093340085373
"370",0.437016443580011
"371",0.233344948722609
"372",0.169520189777091
"373",0.229053344272633
"374",0.517722366418457
"375",0.165968263623523
"376",0.225209398358829
"377",0.528160141593693
"378",0.0761911107323714
"379",0.176858300758264
"380",0.236409895121166
"381",0.217723370947476
"382",0.622165774367657
"383",0.505935462841803
"384",0.112137758754091
"385",0.298565461425896
"386",0.212420945962781
"387",0.636236775722257
"388",0.401154835663646
"389",0.793748916267806
"390",0.740835459679579
"391",0.236211493836161
"392",0.427560202059946
"393",0.111252506292514
"394",0.894113029965899
"395",0.413061007753006
"396",0.221404374351254
"397",0.147405871609974
"398",0.496002763380594
"399",0.799524807218074
"400",0.101490950778099
"401",0.285694790199438
"402",0.552870290838932
"403",0.273309878369788
"404",0.119165318903123
"405",0.284896784561662
"406",0.756095766652391
"407",0.71896916494695
"408",0.0311761570510111
"409",0.443500394581568
"410",0.451764654097235
"411",0.225192438873211
"412",0.287561217946468
"413",0.291396852869077
"414",0.791898211419954
"415",0.332282250298878
"416",0.767716801617854
"417",0.197755749144345
"418",0.211525244142298
"419",0.496023281760957
"420",0.285441748787352
"421",0.458904864721019
"422",0.282917553414328
"423",0.241766928720731
"424",0.0777854999091517
"425",0.670985502410714
"426",0.255115017561001
"427",0.381348854458614
"428",0.646749531523294
"429",0.399173143161659
"430",0.393074680874681
"431",0.122469957789351
"432",0.440580090690026
"433",0.545783656999792
"434",0.0821414649518798
"435",0.715768672869225
"436",0.282628202347588
"437",0.235659552616602
"438",0.79525266885838
"439",0.624290458712973
"440",0.337524728204527
"441",0.350513186708743
"442",0.305527955456526
"443",0.0899646694508504
"444",0.187338503961034
"445",0.434447781370006
"446",0.145658898465904
"447",0.581367464120971
"448",0.358108585588431
"449",0.318644169544154
"450",0.32576208808356
"451",0.765453278528809
"452",0.460107132431256
"453",0.376630635733728
"454",0.134907370451767
"455",0.649441689093335
"456",0.176680782399398
"457",0.807278883374097
"458",0.716030098380177
"459",0.287850173179292
"460",0.207759422580154
"461",0.76518943968104
"462",0.415381534515142
"463",0.774748611495097
"464",0.127042663304062
"465",0.161427764553955
"466",0.717978347755596
"467",0.203626890709332
"468",0.191782732233617
"469",0.401578902534295
"470",0.088880716965308
"471",0.307737551216227
"472",0.307962394846363
"473",0.544419263684666
"474",0.492082006119144
"475",0.262932326585484
"476",0.11070833066046
"477",0.450040212588404
"478",0.165995896458527
"479",0.850922889410579
"480",0.482227081324473
"481",0.55584663306321
"482",0.373316289259912
"483",0.631959403222726
"484",0.250339182460629
"485",0.124123913368034
"486",0.712846423694389
"487",0.182682607643406
"488",0.512621410976835
"489",0.212069743155779
"490",0.207928187172015
"491",0.64436292137954
"492",0.17569713436064
"493",0.237581434602577
"494",0.154464803501459
"495",0.325571342316316
"496",0.392158273472448
"497",0.451047351661332
"498",0.3890647645342
"499",0.405929201754876
"500",0.21996525657636
"501",0.166557892678948
"502",0.501527157104776
"503",0.327415721460939
"504",0.469634472226599
"505",0.57284443009816
"506",0.107743052793567
"507",0.273070222940392
"508",0.750372334800149
"509",0.706703708905824
"510",0.911171475049938
"511",0.34386481707971
"512",0.449414032065409
"513",0.247671107828647
"514",0.685273236430816
"515",0.18276387225857
"516",0.27127541069136
"517",0.0845913333504782
"518",0.578948470525012
"519",0.038849582045511
"520",0.396432696860401
"521",0.602770352388849
"522",0.324265530009403
"523",0.271831077096928
"524",0.289111426152862
"525",0.487560196019701
"526",0.511587474801551
"527",0.136051718498894
"528",0.278369583987476
"529",0.371487096935568
"530",0.410675386215072
"531",0.0562881486618266
"532",0.851724811882235
"533",0.331827839013492
"534",0.807278883374097
"535",0.64191190940997
"536",0.172355294387305
"537",0.506010610369454
"538",0.221980721464941
"539",0.119334653205665
"540",0.325867883295839
"541",0.42584140933665
"542",0.482726227564247
"543",0.408719459566393
"544",0.437976146720715
"545",0.19847040075626
"546",0.203482991693947
"547",0.115057916580266
"548",0.544708873489293
"549",0.386793179892206
"550",0.25966627591512
"551",0.109731193581341
"552",0.366497088886452
"553",0.332544423398378
"554",0.2997321963358
"555",0.183081986386718
"556",0.240051527398769
"557",0.576325343507516
"558",0.318507625143408
"559",0.585091210250014
"560",0.463889401167268
"561",0.202479783015171
"562",0.383327851881421
"563",0.556311957012437
"564",0.27993076045081
"565",0.329657020012467
"566",0.482802031367501
"567",0.464306308849885
"568",0.115847228274617
"569",0.233409869746799
"570",0.573445778126264
"571",0.148871377505153
"572",0.228312699268794
"573",0.415238902472172
"574",0.204375950254423
"575",0.172408742228536
"576",0.344332445733904
"577",0.288777285498011
"578",0.1735891733068
"579",0.38610180322389
"580",0.170820556008771
"581",0.190917268623101
"582",0.525924563998093
"583",0.492570686539715
"584",0.500150081444951
"585",0.201869358860393
"586",0.276205852851177
"587",0.249233938074504
"588",0.400339224728278
"589",0.318101377955218
"590",0.188934982597152
"591",0.421177720803931
"592",0.180323965510185
"593",0.36817254232463
"594",0.0937066122419864
"595",0.227524287909093
"596",0.271043627105244
"597",0.750708604067754
"598",0.215116560009594
"599",0.263332936824786
"600",0.158701423697948
"601",0.266644158107569
"602",0.482983989050595
"603",0.232296330109305
"604",0.481385903209317
"605",0.801305029528657
"606",0.57960065259006
"607",0.36566261353653
"608",0.155284009244285
"609",0.214015688350553
"610",0.313766947506524
"611",0.728719330580122
"612",0.257658860953376
"613",0.246253630542104
"614",0.373614795456487
"615",0.23156852604502
"616",0.576782262973172
"617",0.179477403564069
"618",0.55956289100651
"619",0.58081937684662
"620",0.426502624405795
"621",0.165061392004822
"622",0.554111187821627
"623",0.290629123505668
"624",0.241912617689054
"625",0.156608717769584
"626",0.554412068533416
"627",0.251263675072381
"628",0.128665675903131
"629",0.205375400807873
"630",0.37842876936298
"631",0.534093909943103
"632",0.0868015222293059
"633",0.544411436626872
"634",0.426720312835825
"635",0.779590329135376
"636",0.26481524287653
"637",0.750955199770966
"638",0.527180597267713
"639",0.113557132910972
"640",0.108684604778651
"641",0.120938071366958
"642",0.404974805911698
"643",0.26123356322497
"644",0.545851470214211
"645",0.124295073143099
"646",0.250378693872304
"647",0.145399722187021
"648",0.0925522479407155
"649",0.540169366591136
"650",0.768993946411573
"651",0.287794383384386
"652",0.401979282095058
"653",0.342429158152199
"654",0.227146086377669
"655",0.28016767640438
"656",0.321259659148232
"657",0.366671616290776
"658",0.283589102586832
"659",0.376286336983152
"660",0.417532590815801
"661",0.246620988884884
"662",0.758701659853498
"663",0.332905337961234
"664",0.608731489339231
"665",0.258765417457195
"666",0.254046059834464
"667",0.320604840832289
"668",0.896979511813952
"669",0.303033659889937
"670",0.341760148243053
"671",0.296484959451229
"672",0.117699907070021
"673",0.137652344030509
"674",0.159646042726714
"675",0.206246449343923
"676",0.279449149385295
"677",0.621718088975657
"678",0.419324405421663
"679",0.665019636738759
"680",0.165923150243051
"681",0.35999045245172
"682",0.783217595050137
"683",0.0693332356005301
"684",0.364589607976465
"685",0.460398392115473
"686",0.316094748986521
"687",0.266753620261615
"688",0.427691031936778
"689",0.634091831037037
"690",0.15383331248192
"691",0.414077128990421
"692",0.478925339936404
"693",0.21945828798775
"694",0.481586773006393
"695",0.208502526326038
"696",0.304476554620852
"697",0.515410753876102
"698",0.369092320691327
"699",0.426713802266816
"700",0.225019988274346
"701",0.158290865025764
"702",0.0710595316337768
"703",0.301518248392922
"704",0.212932405577267
"705",0.277306472947262
"706",0.25717239342084
"707",0.217957611501632
"708",0.894782174410027
"709",0.26175013143592
"710",0.0577509817435773
"711",0.146243669220501
"712",0.294787823049831
"713",0.609903651233824
"714",0.2218301921601
"715",0.545434200406978
"716",0.288168298833384
"717",0.46454473928311
"718",0.494215801875178
"719",0.532177850819619
"720",0.515435024920535
"721",0.0857511340327455
"722",0.426944896402676
"723",0.623065923655822
"724",0.866986130827926
"725",0.523386315344911
"726",0.412408440646434
"727",0.465254198606539
"728",0.429959376443181
"729",0.530796338810456
"730",0.496991527062792
"731",0.49062710176608
"732",0.369042903164087
"733",0.189025574085695
"734",0.287714749138024
"735",0.24740471267519
"736",0.266398197574394
"737",0.274305166259
"738",0.705210571290813
"739",0.314648033032227
"740",0.457536272229063
"741",0.150534177868978
"742",0.602700485592192
"743",0.202517852639737
"744",0.428987556211028
"745",0.371359133889911
"746",0.229186094871688
"747",0.14125735709805
"748",0.141822932600023
"749",0.257701394529464
"750",0.504412767242322
"751",0.242916345110659
"752",0.545204583651643
"753",0.464567635142635
"754",0.325247477111904
"755",0.429564584052097
"756",0.745213464214722
"757",0.247415580655419
"758",0.816594713817899
"759",0.473305391369087
"760",0.706180224562008
"761",0.375060141012565
"762",0.174976855119093
"763",0.540811317911003
"764",0.344700696573018
"765",0.154172565081438
"766",0.726024706757744
"767",0.244134863897754
"768",0.357787709353011
"769",0.655835780605001
"770",0.487247444455536
"771",0.412495006386978
"772",0.298597893951578
"773",0.413134436574806
"774",0.680275863479715
"775",0.298134008617063
"776",0.270110488717353
"777",0.194468126723287
"778",0.556143937974654
"779",0.376488218027592
"780",0.0618439043446489
"781",0.0715873358586942
"782",0.545018381565328
"783",0.629140612657394
"784",0.234410559331004
"785",0.118955010180198
"786",0.485720529419153
"787",0.146101328498612
"788",0.200255010305019
"789",0.586769741827896
"790",0.247647743560087
"791",0.281077927180695
"792",0.368425946789218
"793",0.117967185246187
"794",0.875858412643373
"795",0.326704668384859
"796",0.37143067519304
"797",0.214915278423651
"798",0.352591548448261
"799",0.431882160299131
"800",0.365340272162298
"801",0.443412469591383
"802",0.356770326270996
"803",0.161435859735967
"804",0.505070786054133
"805",0.273970937958617
"806",0.468121802843706
"807",0.312707341181599
"808",0.52708516946307
"809",0.530307309852615
"810",0.20372880091845
"811",0.612356267764337
"812",0.632338563680118
"813",0.624724871504266
"814",0.195578734560381
"815",0.303610554657895
"816",0.372197485119109
"817",0.183315914868652
"818",0.261452665165363
"819",0.345594491127712
"820",0.480423071149586
"821",0.467881945430657
"822",0.27608600665843
"823",0.159326710508618
"824",0.21181317316488
"825",0.318744219779113
"826",0.216714976863719
"827",0.558439944873126
"828",0.132587202661308
"829",0.688733133489531
"830",0.350362293878715
"831",0.326551997033719
"832",0.561360904507573
"833",0.181649242675576
"834",0.131826123571877
"835",0.0882405245349088
"836",0.159988981984834
"837",0.779299015161624
"838",0.487718778080587
"839",0.244352295621152
"840",0.189954933873037
"841",0.235820459290875
"842",0.389209997711451
"843",0.435633111380082
"844",0.625056767006696
"845",0.524381581789497
"846",0.128803203539342
"847",0.604162441403646
"848",0.178534518512443
"849",0.247342934656476
"850",0.478218655874887
"851",0.322891391068764
"852",0.684642255601031
"853",0.507073131681939
"854",0.83270491366162
"855",0.436298608857185
"856",0.492834747489594
"857",0.166244436421926
"858",0.437854559312802
"859",0.443387467913418
"860",0.336040473219817
"861",0.568920864627604
"862",0.105677482945901
"863",0.41818049802458
"864",0.179967992778953
"865",0.244328624426149
"866",0.783936533676167
"867",0.5397656576665
"868",0.672257887494323
"869",0.132876093970753
"870",0.292418689200049
"871",0.520417813868526
"872",0.305548661661479
"873",0.340282864376397
"874",0.560218727602669
"875",0.427637057561499
"876",0.611641549175231
"877",0.407322561917913
"878",0.634775834138818
"879",0.215396188309063
"880",0.521438288384727
"881",0.439432290669489
"882",0.818562582747923
"883",0.130112743226873
"884",0.443086581652942
"885",0.269103355909955
"886",0.735105306130351
"887",0.20555309384051
"888",0.367900786076339
"889",0.329688703117684
"890",0.307427389798617
"891",0.381802412969828
"892",0.614450413457007
"893",0.409646562352179
"894",0.130356568321436
"895",0.351468631839724
"896",0.309526334925165
"897",0.343524589501692
"898",0.495875681181563
"899",0.228275458353226
"900",0.551164600370565
"901",0.208006993515672
"902",0.308037290089429
"903",0.324625618585911
"904",0.104077649841623
"905",0.60169546428821
"906",0.270743604620803
"907",0.290847695569747
"908",0.701244950887979
"909",0.345433436311258
"910",0.622521907304615
"911",0.214306515207712
"912",0.756206223622481
"913",0.256421532752605
"914",0.411622262930955
"915",0.195378811082312
"916",0.504435874310874
"917",0.718772180304608
"918",0.303771961527846
"919",0.4057419151667
"920",0.493798295535933
"921",0.285464679341359
"922",0.378563672039779
"923",0.408246525488215
"924",0.565819712706486
"925",0.805857647794882
"926",0.48184617761089
"927",0.307074430287138
"928",0.312736001013208
"929",0.524147829570312
"930",0.381646445915062
"931",0.496555518352786
"932",0.509443701842914
"933",0.526475771293713
"934",0.348247695446522
"935",0.640606491715541
"936",0.355652064484902
"937",0.686021149463664
"938",0.310085340147207
"939",0.586759447213378
"940",0.292617072267197
"941",0.863189918327141
"942",0.786907097722189
"943",0.40506627537712
"944",0.31632884087848
"945",0.334428086536683
"946",0.807278883374097
"947",0.59322832482478
"948",0.429837656585709
"949",0.393231292184813
"950",0.263676067533995
"951",0.469466041461739
"952",0.180245682025787
"953",0.223655335990629
"954",0.597417670045158
"955",0.430681141713641
"956",0.342234827344142
"957",0.274166490175138
"958",0.192383084275603
"959",0.23485712843824
"960",0.8564420816634
"961",0.153732315432773
"962",0.329377179517248
"963",0.640927894348054
"964",0.398205233488606
"965",0.404010911851469
"966",0.0795494369154984
"967",0.322839660804072
"968",0.170152178855511
"969",0.896072333156711
"970",0.30526425204533
"971",0.105419982048058
"972",0.452854722857933
"973",0.597776350658119
"974",0.180663350989314
"975",0.311097992812977
"976",0.336102578077116
"977",0.739498367589648
"978",0.317217336239958
"979",0.153272437011188
"980",0.611180668540852
"981",0.254429003838505
"982",0.31072277142212
"983",0.224559597620856
"984",0.130189928695224
"985",0.465866833287667
"986",0.161908543567094
"987",0.46531270914312
"988",0.390983251576413
"989",0.757917068707561
"990",0.112191279121247
"991",0.282599785540396
"992",0.113718315703309
"993",0.655897612966743
"994",0.369262823970549
"995",0.629058296105804
"996",0.0443291176015613
"997",0.348133714392354
"998",0.326166045881264
"999",0.333237567327069
"1000",0.38708592252079
"1001",0.16567692731021
"1002",0.171640848378989
"1003",0.788552366956919
"1004",0.164144854972156
"1005",0.386026322146912
"1006",0.348652676658204
"1007",0.36769344062648
"1008",0.224707859770834
"1009",0.652754415682034
"1010",0.531506028313379
"1011",0.285878143501497
"1012",0.381759385010379
"1013",0.196758701396786
"1014",0.374379003758929
"1015",0.419028316716899
"1016",0.141076386591069
"1017",0.237997417322518
"1018",0.285787409184444
"1019",0.288296429566077
"1020",0.415850277419649
"1021",0.3484581782125
"1022",0.44431840410434
"1023",0.166573843771848
"1024",0.199278628869058
"1025",0.317241769140815
"1026",0.265417854238492
"1027",0.313092879978078
"1028",0.197672882347335
"1029",0.283196130490208
"1030",0.154636524085504
"1031",0.285237658440406
"1032",0.368196854402263
"1033",0.608419336219336
"1034",0.227993715310409
"1035",0.490216169634046
"1036",0.623463693846024
"1037",0.353007898256472
"1038",0.276792464452921
"1039",0.253330708285584
"1040",0.30703169135535
"1041",0.759806874407313
"1042",0.22927284089894
"1043",0.799200719525947
"1044",0.380582545729193
"1045",0.547857298606336
"1046",0.526489125298885
"1047",0.564814113711869
"1048",0.31819430416817
"1049",0.265673417936231
"1050",0.391803952405847
"1051",0.477636558710789
"1052",0.306554476716651
"1053",0.416408641680093
"1054",0.445919992307352
"1055",0.816862875745018
"1056",0.335092956594767
"1057",0.585131853035108
"1058",0.557482513141362
"1059",0.374047125269309
"1060",0.0421658755092013
"1061",0.27498868404742
"1062",0.184529045005489
"1063",0.0766468768123352
"1064",0.404202022955966
"1065",0.42793609149051
"1066",0.537045074923825
"1067",0.270807842733374
"1068",0.156358357178688
"1069",0.268076121466208
"1070",0.385417095676345
"1071",0.296556847490935
"1072",0.143064212406356
"1073",0.435163880461101
"1074",0.214654936474278
"1075",0.440775632090459
"1076",0.316148426772827
"1077",0.712819605079113
"1078",0.392522187671487
"1079",0.57927418037314
"1080",0.346074297179565
"1081",0.206592571541034
"1082",0.244392232207552
"1083",0.316094748986521
"1084",0.560175594314689
"1085",0.627698163072065
"1086",0.206288310983774
"1087",0.543906366798609
"1088",0.402551561881042
"1089",0.277616340278428
"1090",0.328468554654593
"1091",0.105416636831792
"1092",0.126257502748998
"1093",0.440775632090459
"1094",0.405143798972606
"1095",0.543872583566087
"1096",0.494699312789579
"1097",0.263970536131705
"1098",0.146261118067043
"1099",0.117377682385265
"1100",0.0209610108668986
"1101",0.717781970693557
"1102",0.405443286203513
"1103",0.305762331694159
"1104",0.773723375965397
"1105",0.269360350472527
"1106",0.216036168590313
"1107",0.26481524287653
"1108",0.313955985215531
"1109",0.263758002173147
"1110",0.288230140735395
"1111",0.677474130907053
"1112",0.394448839224742
"1113",0.0975172721671634
"1114",0.39961635126199
"1115",0.215992979103734
"1116",0.467134542107444
"1117",0.269884340877295
"1118",0.546047989210527
"1119",0.350858546257022
"1120",0.782848186243556
"1121",0.46633267189166
"1122",0.421304068293033
"1123",0.63608788588614
"1124",0.393051473564859
"1125",0.303520222931369
"1126",0.357453601504725
"1127",0.284209382525585
"1128",0.174121725507133
"1129",0.37503825222554
"1130",0.29684489976555
"1131",0.301391293024339
"1132",0.149351690570229
"1133",0.595668713412764
"1134",0.477286730312232
"1135",0.399573274193109
"1136",0.717374145221703
"1137",0.560559007542534
"1138",0.526847402319902
"1139",0.816887173965692
"1140",0.375517596379213
"1141",0.54857892597963
"1142",0.653611962800849
"1143",0.156632950869393
"1144",0.619656765341812
"1145",0.733070183271606
"1146",0.297868383418531
"1147",0.187190812140175
"1148",0.216622260771863
"1149",0.466336849011852
"1150",0.272451392089959
"1151",0.248897410705656
"1152",0.815577821832353
"1153",0.456252226097352
"1154",0.374856431626334
"1155",0.237252867430903
"1156",0.696718312642161
"1157",0.57810564658024
"1158",0.329835020508447
"1159",0.178237291242138
"1160",0.343782647040724
"1161",0.281469918220149
"1162",0.322660432654523
"1163",0.542197381373776
"1164",0.143584860013769
"1165",0.585327986268311
"1166",0.478484238411392
"1167",0.414970798040401
"1168",0.203502042801199
"1169",0.443311932524147
"1170",0.311146871106378
"1171",0.36508793407771
"1172",0.344055905815833
"1173",0.22264131561218
"1174",0.448924377879696
"1175",0.591872500292066
"1176",0.348048119602441
"1177",0.166078754578755
"1178",0.297243790219728
"1179",0.213083626834671
"1180",0.501410475566269
"1181",0.641605569235128
"1182",0.10677714966918
"1183",0.499386574823275
"1184",0.110630117757564
"1185",0.269966820725617
"1186",0.222615785396987
"1187",0.343294661308213
"1188",0.120024051900087
"1189",0.295547864605513
"1190",0.30391991832437
"1191",0.570821682666266
"1192",0.550580678782232
"1193",0.728326828301552
"1194",0.0674211417232044
"1195",0.475462058986096
"1196",0.596257464796417
"1197",0.151320993955248
"1198",0.789583309182123
"1199",0.445202831880182
"1200",0.446978531990312
"1201",0.55322600333952
"1202",0.370902629549451
"1203",0.532216325297838
"1204",0.501894857659266
"1205",0.366334371705337
"1206",0.309611101849344
"1207",0.415179850904774
"1208",0.181312724142794
"1209",0.40915549832033
"1210",0.349618211052036
"1211",0.642113552654114
"1212",0.78361814674616
"1213",0.525677436141517
"1214",0.729918277266484
"1215",0.199613853501436
"1216",0.289841348305551
"1217",0.585788684260894
"1218",0.360122294728329
"1219",0.622654111915083
"1220",0.188182341953947
"1221",0.814440041460961
"1222",0.624737386368704
"1223",0.164313744322742
"1224",0.786328410776649
"1225",0.350080133955098
"1226",0.450390326189768
"1227",0.602491936579987
"1228",0.427584773195909
"1229",0.489259583035947
"1230",0.315126315069677
"1231",0.10532920420426
"1232",0.619760969274914
"1233",0.141812545871449
"1234",0.425842557646788
"1235",0.772389941372902
"1236",0.500133968492272
"1237",0.496421670044323
"1238",0.266057528678087
"1239",0.16971351539794
"1240",0.439038784456276
"1241",0.492813330187304
"1242",0.0471800985891537
"1243",0.522781125855093
"1244",0.83951416004735
"1245",0.680837945231674
"1246",0.397891999935565
"1247",0.384876753912666
"1248",0.332647160663684
"1249",0.269362029670834
"1250",0.270858967687663
"1251",0.300944086947214
"1252",0.218992998935533
"1253",0.688373099197008
"1254",0.845639327577172
"1255",0.432254479285139
"1256",0.0737530445225938
"1257",0.163282857623902
"1258",0.299836224382088
"1259",0.209150803200125
"1260",0.57288916059623
"1261",0.347915401052879
"1262",0.398249708589667
"1263",0.434172597408759
"1264",0.346558127206499
"1265",0.341433480937523
"1266",0.464929988885316
"1267",0.509934619735551
"1268",0.685867417864802
"1269",0.618418403428781
"1270",0.422390977754149
"1271",0.192807343922615
"1272",0.156710888850385
"1273",0.201016496574727
"1274",0.168406578409093
"1275",0.378009169211587
"1276",0.350080133955098
"1277",0.293314202624103
"1278",0.697254678632744
"1279",0.381068864953649
"1280",0.0888948238537497
"1281",0.489632270981514
"1282",0.61010721449883
"1283",0.455793454607111
"1284",0.509012260296666
"1285",0.645237065013015
"1286",0.755771448556075
"1287",0.0653090162338067
"1288",0.381318211116037
"1289",0.303509531329353
"1290",0.167284871849248
"1291",0.340047589024162
"1292",0.498841776906248
"1293",0.38814472135492
"1294",0.484966550349798
"1295",0.0891609841056855
"1296",0.276121929909097
"1297",0.266015563366216
"1298",0.592377160241577
"1299",0.148885242471109
"1300",0.329910453169063
"1301",0.141529706198112
"1302",0.621227981890416
"1303",0.46035281613049
"1304",0.459181190127155
"1305",0.427392087868805
"1306",0.355865965718623
"1307",0.229541754747243
"1308",0.539408026131727
"1309",0.0874163938216051
"1310",0.167211402302248
"1311",0.264134748067506
"1312",0.624109764605152
"1313",0.689626638133109
"1314",0.337640738742159
"1315",0.283713670540931
"1316",0.197416545761325
"1317",0.483261454235457
"1318",0.317883206437842
"1319",0.3385793991594
"1320",0.170913960315041
"1321",0.067554873171403
"1322",0.190379879702804
"1323",0.299942163727348
"1324",0.319377853015425
"1325",0.637880561962295
"1326",0.351086000624333
"1327",0.583235458556943
"1328",0.261139063266022
"1329",0.419048958394073
"1330",0.363897085978093
"1331",0.333595834659125
"1332",0.174263983251569
"1333",0.178913112207857
"1334",0.262568817723231
"1335",0.0924269205059711
"1336",0.285494436813586
"1337",0.244638495845615
"1338",0.0493316256600215
"1339",0.524396572064409
"1340",0.328902572127636
"1341",0.450266704551319
"1342",0.400761674061913
"1343",0.131992598243015
"1344",0.128475278416713
"1345",0.46814761407208
"1346",0.151084123779095
"1347",0.332859168137887
"1348",0.388852160572463
"1349",0.542898560063937
"1350",0.0768049983435457
"1351",0.503167214866621
"1352",0.251830758341639
"1353",0.659408842915616
"1354",0.541380765353105
"1355",0.273587212221465
"1356",0.187729581445325
"1357",0.844353908182472
"1358",0.178175251388234
"1359",0.0602387902996311
"1360",0.3864218975316
"1361",0.730385670504246
"1362",0.0490793459171061
"1363",0.197233304248746
"1364",0.361843412726025
"1365",0.182628758911868
"1366",0.198571821512918
"1367",0.358666233664848
"1368",0.250944444131239
"1369",0.183307039002393
"1370",0.391343072413316
"1371",0.21752903718404
"1372",0.426867246658752
"1373",0.225634353321283
"1374",0.423431403132292
"1375",0.477825303720521
"1376",0.237047243341528
"1377",0.636892503104216
"1378",0.718448033706887
"1379",0.375222829112511
"1380",0.467821980090985
"1381",0.561209827536558
"1382",0.191929187693261
"1383",0.615534080703358
"1384",0.502315759774878
"1385",0.377391972949542
"1386",0.250293104625191
"1387",0.487615250125513
"1388",0.750372334800149
"1389",0.34406468798093
"1390",0.552908294916349
"1391",0.229218050944199
"1392",0.727622985037329
"1393",0.395753307488373
"1394",0.493026756114515
"1395",0.523426602534541
"1396",0.658580398515875
"1397",0.603744684232749
"1398",0.558458568230042
"1399",0.412274493877065
"1400",0.295950969584204
"1401",0.179424626027029
"1402",0.486863155431047
"1403",0.192873103487296
"1404",0.26481524287653
"1405",0.489827050743495
"1406",0.470220343810851
"1407",0.176736585119465
"1408",0.252681152671008
"1409",0.240605615311624
"1410",0.540169366591136
"1411",0.133388834271705
"1412",0.275605507708045
"1413",0.423443467653882
"1414",0.383541765731017
"1415",0.265456746758307
"1416",0.679831379937919
"1417",0.310893145531361
"1418",0.507089487128773
"1419",0.544689488494636
"1420",0.193992741296517
"1421",0.734173569843815
"1422",0.538779068734024
"1423",0.317797382194815
"1424",0.270965203955968
"1425",0.346033722075797
"1426",0.723655522015327
"1427",0.296120100534801
"1428",0.27481723045692
"1429",0.202659843204634
"1430",0.465559337321606
"1431",0.775059667192019
"1432",0.336542833808274
"1433",0.217358304178937
"1434",0.664894360870592
"1435",0.575088100949804
"1436",0.295657141859746
"1437",0.130741239390076
"1438",0.279402348151751
"1439",0.406679182245308
"1440",0.357159440648812
"1441",0.289675380645398
"1442",0.3987759021395
"1443",0.677716539198676
"1444",0.579137251977521
"1445",0.311876748507874
"1446",0.366379479663175
"1447",0.142801525180184
"1448",0.151833018624257
"1449",0.268796112008575
"1450",0.497689691033182
"1451",0.215376003109671
"1452",0.189051891623479
"1453",0.104244697605376
"1454",0.113933418362151
"1455",0.409933669993851
"1456",0.338035630304449
"1457",0.371549688055681
"1458",0.282727123468196
"1459",0.546114764846285
"1460",0.139084092846835
"1461",0.277106440405096
"1462",0.168744986440772
"1463",0.516017876495112
"1464",0.275908490929442
"1465",0.636512223283963
"1466",0.343087966414509
"1467",0.137134335689375
"1468",0.34025502169281
"1469",0.119651129974652
"1470",0.293381683852804
"1471",0.467559801483975
"1472",0.499418389078066
"1473",0.393524279612673
"1474",0.493426378524857
"1475",0.239301887978757
"1476",0.370668056283761
"1477",0.370420397255666
"1478",0.205253582426137
"1479",0.410285111455383
"1480",0.490924512069929
"1481",0.282243396252581
"1482",0.509443701842914
"1483",0.666919889821292
"1484",0.447607317426485
"1485",0.810769358463024
"1486",0.471934478393883
"1487",0.12560273506824
"1488",0.240583014409159
"1489",0.581725728654174
"1490",0.468881063780533
"1491",0.297230195385174
"1492",0.603880241243523
"1493",0.537176317237511
"1494",0.371043680504436
"1495",0.358791052801715
"1496",0.410713934380055
"1497",0.22461295303944
"1498",0.430043510380761
"1499",0.120166971839811
"1500",0.507428871936176
"1501",0.206770492206549
"1502",0.380025620277404
"1503",0.386246360135883
"1504",0.277457099821988
"1505",0.275246836170457
"1506",0.567664337029532
"1507",0.400283039158909
"1508",0.420001095025946
"1509",0.210287490690879
"1510",0.537922482448858
"1511",0.141869495961801
"1512",0.272275296059134
"1513",0.441797764258288
"1514",0.236063864534644
"1515",0.450206598314545
"1516",0.431329775230664
"1517",0.322238074649064
"1518",0.119636449666711
"1519",0.527360279849931
"1520",0.113795852404523
"1521",0.532665844223456
"1522",0.718267334353185
"1523",0.835995682337519
"1524",0.343946784311061
"1525",0.247304016698366
"1526",0.431562570254791
"1527",0.1656979160891
"1528",0.197335656506178
"1529",0.307444439099146
"1530",0.250480831672396
"1531",0.204550210235327
"1532",0.589778975340115
"1533",0.453247796442679
"1534",0.144278216511579
"1535",0.19837019511445
"1536",0.511432058614887
"1537",0.85233691509147
"1538",0.167271558297492
"1539",0.84031701392383
"1540",0.430481817306745
"1541",0.488432764416568
"1542",0.359383130325432
"1543",0.32565453940382
"1544",0.142195449295912
"1545",0.647670166677472
"1546",0.295335375194849
"1547",0.291164481552135
"1548",0.336686587837028
"1549",0.162458459258115
"1550",0.335847799553552
"1551",0.511219928679276
"1552",0.334759452992099
"1553",0.248656058703624
"1554",0.258380063625263
"1555",0.529211373423501
"1556",0.419898876267239
"1557",0.320081525128058
"1558",0.357069950067846
"1559",0.331166198930091
"1560",0.5880196408167
"1561",0.339878019501165
"1562",0.303068227801042
"1563",0.452315258290739
"1564",0.441517500031553
"1565",0.470147583415609
"1566",0.155774769631574
"1567",0.242714703406538
"1568",0.351845562980043
"1569",0.550252567912695
"1570",0.785770695939469
"1571",0.43037424347883
"1572",0.410115712874218
"1573",0.427085984462369
"1574",0.169220192032247
"1575",0.222548116137144
"1576",0.276015314364857
"1577",0.315447641139776
"1578",0.473067352488217
"1579",0.551897347968537
"1580",0.630715819249324
"1581",0.538502352890531
"1582",0.574542988830915
"1583",0.211166087792349
"1584",0.194944344539779
"1585",0.381418186032372
"1586",0.0938332859564775
"1587",0.248291941144537
"1588",0.318467335070959
"1589",0.417455837957482
"1590",0.334761387973659
"1591",0.362874626693412
"1592",0.405132058701251
"1593",0.469332452438047
"1594",0.320731652721902
"1595",0.238482814057306
"1596",0.294290735648715
"1597",0.125465692708337
"1598",0.484790430705053
"1599",0.631531805085554
"1600",0.655522960754357
"1601",0.310901835126862
"1602",0.531298460129414
"1603",0.124191083899135
"1604",0.133427487688622
"1605",0.513051577512841
"1606",0.839297872061399
"1607",0.1142265361522
"1608",0.726843990997329
"1609",0.452243874151966
"1610",0.318876020433892
"1611",0.0466419471812144
"1612",0.347042794027598
"1613",0.268443066064853
"1614",0.263110686951324
"1615",0.259236551750171
"1616",0.524656944246861
"1617",0.234049776383332
"1618",0.514144105561277
"1619",0.126258849129951
"1620",0.27738105026169
"1621",0.21106923768278
"1622",0.684245633742661
"1623",0.477081115866102
"1624",0.165330700027535
"1625",0.212518635994055
"1626",0.591490586234372
"1627",0.304141463314816
"1628",0.382738609902793
"1629",0.699356279455296
"1630",0.275692543620153
"1631",0.620695920845106
"1632",0.649261675663174
"1633",0.804352311480958
"1634",0.691235236130524
"1635",0.255420064650279
"1636",0.17828063035027
"1637",0.140237476045278
"1638",0.185299754276494
"1639",0.193725794150492
"1640",0.618308455557245
"1641",0.0592511256462464
"1642",0.119797276395532
"1643",0.233277971525152
"1644",0.259847825513951
"1645",0.681178689208676
"1646",0.111293392258323
"1647",0.426119092789276
"1648",0.110333479659052
"1649",0.561126376756495
"1650",0.64069367025119
"1651",0.329119955738987
"1652",0.575474918238371
"1653",0.118018781402807
"1654",0.133177372550528
"1655",0.279564186546911
"1656",0.376586009185163
"1657",0.795506783209243
"1658",0.57083586036604
"1659",0.291878850129353
"1660",0.140689355992921
"1661",0.0935916494050977
"1662",0.266859561424707
"1663",0.341811361182859
"1664",0.885301392846335
"1665",0.406562716406893
"1666",0.59397621099202
"1667",0.333752574196765
"1668",0.507043727612371
"1669",0.714879726678934
"1670",0.594463907827209
"1671",0.283757278495934
"1672",0.191380138872439
"1673",0.209107840939046
"1674",0.30462838202276
"1675",0.479275487691018
"1676",0.402608532423814
"1677",0.614094422672639
"1678",0.307999559346595
"1679",0.338211802448759
"1680",0.515780877382665
"1681",0.283241247750536
"1682",0.658601644858076
"1683",0.463018208123857
"1684",0.255424536311409
"1685",0.351707133874536
"1686",0.326534708227401
"1687",0.540892540558333
"1688",0.171719199346897
"1689",0.302850023560014
"1690",0.403430576255055
"1691",0.115968790580049
"1692",0.236762993998202
"1693",0.105899401573066
"1694",0.34948221460305
"1695",0.249628652641186
"1696",0.290469475763344
"1697",0.632037024060104
"1698",0.373938646325666
"1699",0.205544171517023
"1700",0.654721831354623
"1701",0.463896420944946
"1702",0.613156814321539
"1703",0.709792720538005
"1704",0.290348094190156
"1705",0.585906382606012
"1706",0.650763003824743
"1707",0.298401260808555
"1708",0.343847915353349
"1709",0.146840144777384
"1710",0.213182659992817
"1711",0.170722644219036
"1712",0.568686469544337
"1713",0.703604313444257
"1714",0.247828205527386
"1715",0.16386544794951
"1716",0.326971714689005
"1717",0.161220819138849
"1718",0.0973593410576017
"1719",0.430631604509824
"1720",0.157181573131554
"1721",0.263623707313117
"1722",0.462046240838474
"1723",0.110291327765578
"1724",0.351035831998001
"1725",0.540169366591136
"1726",0.544948935545213
"1727",0.351831100694034
"1728",0.222061481561063
"1729",0.375613476082749
"1730",0.155951363765054
"1731",0.0707475672340995
"1732",0.447287824621567
"1733",0.334248801473694
"1734",0.345376177386262
"1735",0.271373501851481
"1736",0.481657898430064
"1737",0.110807493785237
"1738",0.278452774316712
"1739",0.1900440466207
"1740",0.40312538815514
"1741",0.251830287836303
"1742",0.17170170760655
"1743",0.293157578861888
"1744",0.345758146819166
"1745",0.163258749426231
"1746",0.116668553143375
"1747",0.157215413826065
"1748",0.104807473805122
"1749",0.150965167893488
"1750",0.21553718074608
"1751",0.28218519720886
"1752",0.344993724202573
"1753",0.349667783637695
"1754",0.681546535945632
"1755",0.593387504291949
"1756",0.0812907322038222
"1757",0.0744070237542457
"1758",0.165441165008909
"1759",0.461744887568241
"1760",0.523948919891994
"1761",0.17886468408733
"1762",0.852566524296877
"1763",0.497150957076842
"1764",0.219533780967222
"1765",0.3025801246848
"1766",0.910293869948707
"1767",0.152572353535297
"1768",0.477197535675054
"1769",0.169303142393611
"1770",0.137688232978529
"1771",0.285893714036221
"1772",0.276297044213568
"1773",0.318043060044387
"1774",0.221040742631717
"1775",0.231362354037205
"1776",0.201828271495441
"1777",0.118255830575589
"1778",0.20311428325992
"1779",0.367836973768652
"1780",0.181235239505946
"1781",0.227433152791888
"1782",0.805670866295546
"1783",0.708552907851103
"1784",0.500017042457046
"1785",0.316303348959866
"1786",0.517974669137458
"1787",0.254874899819147
"1788",0.782434920595725
"1789",0.424332332530786
"1790",0.331836309050012
"1791",0.642392439586391
"1792",0.580937327576559
"1793",0.25018257840746
"1794",0.171534984705386
"1795",0.395941122000078
"1796",0.448232045460231
"1797",0.43454411909488
"1798",0.207180211157259
"1799",0.36774083746714
"1800",0.287378996551527
"1801",0.379095412473984
"1802",0.388264183435612
"1803",0.266021374126962
"1804",0.650676582209351
"1805",0.141385967583431
"1806",0.529597844755746
"1807",0.0942689337335648
"1808",0.516961568432796
"1809",0.664345139212047
"1810",0.439940564932857
"1811",0.241287266658205
"1812",0.103375315083741
"1813",0.233388456672184
"1814",0.0985174975726564
"1815",0.402870588801172
"1816",0.204826437054004
"1817",0.659157760531377
"1818",0.599802361747969
"1819",0.695423528456729
"1820",0.39816570771665
"1821",0.225583429039419
"1822",0.22549227897368
"1823",0.58097191949807
"1824",0.325829133575975
"1825",0.550300203802444
"1826",0.518279265100156
"1827",0.2729785717734
"1828",0.415048020316012
"1829",0.18814305528207
"1830",0.363068715952566
"1831",0.458661106476638
"1832",0.182016724153149
"1833",0.780282750425889
"1834",0.216458268692092
"1835",0.442014612274261
"1836",0.151687279676862
"1837",0.501507870528462
"1838",0.336148213733678
"1839",0.750429951687653
"1840",0.426740641666674
"1841",0.183591520183668
"1842",0.427728067876036
"1843",0.516361087985188
"1844",0.124901982638459
"1845",0.309293370358335
"1846",0.502147689752571
"1847",0.502167088149582
"1848",0.659663027822669
"1849",0.0557747064821073
"1850",0.515566321537332
"1851",0.499016656337242
"1852",0.65191431824023
"1853",0.147021765108752
"1854",0.396088198843815
"1855",0.167094961067536
"1856",0.105864276125111
"1857",0.180816231562222
"1858",0.853074686684979
"1859",0.200350129042224
"1860",0.4220341046918
"1861",0.276847203081658
"1862",0.402228015347079
"1863",0.346763731545102
"1864",0.670552554300795
"1865",0.0964537057691662
"1866",0.0918984126984127
"1867",0.454895986158444
"1868",0.450143782261672
"1869",0.350975378671814
"1870",0.623403030634711
"1871",0.265776745602044
"1872",0.234964764644054
"1873",0.342773764467234
"1874",0.606309238921965
"1875",0.0786099535850613
"1876",0.689591849693272
"1877",0.172187238287252
"1878",0.252699130464923
"1879",0.60463433588652
"1880",0.766968806752104
"1881",0.350897889521403
"1882",0.595583714880931
"1883",0.275715767087171
"1884",0.510144825611127
"1885",0.435431273861706
"1886",0.420488268557272
"1887",0.426801355726322
"1888",0.205985330380963
"1889",0.250790767382117
"1890",0.400981196094508
"1891",0.637166945864284
"1892",0.173642464437148
"1893",0.189333422729327
"1894",0.6317227756517
"1895",0.341523295104036
"1896",0.170798957343806
"1897",0.360194059547117
"1898",0.132664087138299
"1899",0.204953140621186
"1900",0.616490559961111
"1901",0.216875061071795
"1902",0.266792503374467
"1903",0.41776377438596
"1904",0.503205726947713
"1905",0.212484093337108
"1906",0.205328645837602
"1907",0.211737343161293
"1908",0.485270655825942
"1909",0.214506064911266
"1910",0.721969905723722
"1911",0.224482175251835
"1912",0.232750782197431
"1913",0.56290259353352
"1914",0.345729862242816
"1915",0.138829118151691
"1916",0.099597100747422
"1917",0.897374375959373
"1918",0.645099966082579
"1919",0.429944555356113
"1920",0.418051450254163
"1921",0.754437276251267
"1922",0.374654230770397
"1923",0.588577293495453
"1924",0.260627677595033
"1925",0.336977880227158
"1926",0.12166794732487
"1927",0.172041670128757
"1928",0.259329921634178
"1929",0.374710495381412
"1930",0.218277299335991
"1931",0.167442757614961
"1932",0.397809706204019
"1933",0.220398186966981
"1934",0.199868325298421
"1935",0.368219251573931
"1936",0.105562536208002
"1937",0.719702459514229
"1938",0.148472672792219
"1939",0.338014841209504
"1940",0.373946657777984
"1941",0.48497251794501
"1942",0.181030439911042
"1943",0.107215479967852
"1944",0.320895785168433
"1945",0.741776961347857
"1946",0.183150556713128
"1947",0.259796913766383
"1948",0.42533495306092
"1949",0.455114043574095
"1950",0.590365766273364
"1951",0.42581861777471
"1952",0.287158173227867
"1953",0.191109042348236
"1954",0.256194672766659
"1955",0.244638495845615
"1956",0.219444757748203
"1957",0.293727280349838
"1958",0.563339610393317
"1959",0.310742499714075
"1960",0.627422238356815
"1961",0.0363428953909903
"1962",0.271562666865716
"1963",0.226697472100616
"1964",0.20023217421609
"1965",0.446085374627014
"1966",0.264554786205746
"1967",0.437021054885213
"1968",0.480927157167679
"1969",0.216656597379823
"1970",0.296102144860792
"1971",0.86121052622715
"1972",0.820289649158891
"1973",0.558586156406966
"1974",0.237581434602577
"1975",0.422249013732482
"1976",0.896072333156711
"1977",0.282803251916468
"1978",0.390520182257761
"1979",0.373739870355699
"1980",0.285356004787331
"1981",0.315166759397319
"1982",0.349363945568448
"1983",0.340438944463869
"1984",0.415544743083034
"1985",0.575487492338349
"1986",0.609149447969185
"1987",0.696024959733952
"1988",0.189384821355578
"1989",0.205642304509118
"1990",0.281263505874306
"1991",0.417738984268273
"1992",0.889019341449749
"1993",0.882827682589757
"1994",0.359917533871075
"1995",0.250444123438653
"1996",0.100854277702749
"1997",0.466980351570191
"1998",0.393426843036277
"1999",0.569483807615577
"2000",0.734260441978141
"2001",0.741312934479073
"2002",0.110776348809545
"2003",0.310645960913293
"2004",0.216378782942279
"2005",0.25640320888143
"2006",0.121121914627733
"2007",0.172087503306068
"2008",0.609840437174426
"2009",0.489958616228366
"2010",0.460302565078298
"2011",0.491216783775484
"2012",0.26969382468799
"2013",0.225119412747503
"2014",0.751297339181672
"2015",0.296378683537111
"2016",0.512260779429308
"2017",0.453258121116722
"2018",0.418494563969619
"2019",0.170052141980784
"2020",0.47515874440206
"2021",0.520855067423086
"2022",0.24605587918188
"2023",0.568370708693638
"2024",0.557431848947504
"2025",0.0740165450219567
"2026",0.374407513004571
"2027",0.207523423346731
"2028",0.749209909609892
"2029",0.81553087815415
"2030",0.356953597216674
"2031",0.373344983792635
"2032",0.557031812609634
"2033",0.102472464471827
"2034",0.498195725965937
"2035",0.519464787990204
"2036",0.330738407379261
"2037",0.346865407545314
"2038",0.153538060962044
"2039",0.251658322889002
"2040",0.18520723462991
"2041",0.438758246328834
"2042",0.680721654552412
"2043",0.224134455747111
"2044",0.254388931462499
"2045",0.520070222130302
"2046",0.5212661649407
"2047",0.321962253781886
"2048",0.593469903506449
"2049",0.156134027438722
"2050",0.728533528198968
"2051",0.340895250164572
"2052",0.638840196576729
"2053",0.571964289947081
"2054",0.275499768180243
"2055",0.216526113311509
"2056",0.352484814984451
"2057",0.563293141847619
"2058",0.807271065679295
"2059",0.27476391362269
"2060",0.142287052212826
"2061",0.0853812790122678
"2062",0.515536030604833
"2063",0.323714897095023
"2064",0.542824808220468
"2065",0.301610274315534
"2066",0.220340704223497
"2067",0.266731515926869
"2068",0.102577033792489
"2069",0.536349458078772
"2070",0.725869245002849
"2071",0.180219770881348
"2072",0.231240828411551
"2073",0.586775516441266
"2074",0.340329422540749
"2075",0.540166155730753
"2076",0.759732017056701
"2077",0.706203035365444
"2078",0.190440721718171
"2079",0.354737228636153
"2080",0.45249276646491
"2081",0.33415890065424
"2082",0.34808120901551
"2083",0.456083832924134
"2084",0.343847915353349
"2085",0.280215627954228
"2086",0.206331679578856
"2087",0.432254479285139
"2088",0.441440994123394
"2089",0.124557106566003
"2090",0.579395783747731
"2091",0.496348047721924
"2092",0.229964132767349
"2093",0.411867230762613
"2094",0.290014931229984
"2095",0.717390641997939
"2096",0.499550305084146
"2097",0.259757097827775
"2098",0.367656618444003
"2099",0.614380310158251
"2100",0.494318163141265
"2101",0.147234215796363
"2102",0.359497211789036
"2103",0.463147476048117
"2104",0.685431360028661
"2105",0.320997116218886
"2106",0.0834701710301886
"2107",0.347668423883046
"2108",0.347792115794556
"2109",0.39913926147675
"2110",0.292974940024187
"2111",0.221656022108343
"2112",0.358190476555464
"2113",0.425236980228571
"2114",0.694424006180181
"2115",0.192684864798443
"2116",0.193956703404438
"2117",0.648577089949206
"2118",0.683955018665715
"2119",0.0481735490682159
"2120",0.391901047552411
"2121",0.399817778252875
"2122",0.224498010366387
"2123",0.778843879302012
"2124",0.1224976425524
"2125",0.8871751135291
"2126",0.501054725477355
"2127",0.445933750399927
"2128",0.104953878975515
"2129",0.363250302887973
"2130",0.4924462172829
"2131",0.297220660570909
"2132",0.131005411622664
"2133",0.221939797019566
"2134",0.402050582919992
"2135",0.42994546650891
"2136",0.494550673691199
"2137",0.153416137021304
"2138",0.579479697640302
"2139",0.198550129004226
"2140",0.0968299062522852
"2141",0.7787979999746
"2142",0.284683275327102
"2143",0.587602843744505
"2144",0.430391642479106
"2145",0.771524066080651
"2146",0.698593956468699
"2147",0.624463595252556
"2148",0.625135194817548
"2149",0.664298533161792
"2150",0.4807385206257
"2151",0.665750076721166
"2152",0.279164173502768
"2153",0.677736250475974
"2154",0.229496376458855
"2155",0.314132330816916
"2156",0.416590112020607
"2157",0.49960437012445
"2158",0.309649628897695
"2159",0.779720958502052
"2160",0.345872404843653
"2161",0.316494649471035
"2162",0.340402906416895
"2163",0.0939534901827124
"2164",0.567978382005894
"2165",0.0948017552839091
"2166",0.324078889571121
"2167",0.70054508374502
"2168",0.35500609793162
"2169",0.578772858744234
"2170",0.185752367505691
"2171",0.664599689042168
"2172",0.459039606176586
"2173",0.15164024794914
"2174",0.63108097406403
"2175",0.286208002152821
"2176",0.163275518608222
"2177",0.0597753826600898
"2178",0.34258376126823
"2179",0.2457549181149
"2180",0.535078962280473
"2181",0.64601995051754
"2182",0.467819305547893
"2183",0.26676106521514
"2184",0.432504453700421
"2185",0.539754939563364
"2186",0.826581446483811
"2187",0.817761537229852
"2188",0.600488005642921
"2189",0.57338047936027
"2190",0.751827824727181
"2191",0.334199142495088
"2192",0.366691759507686
"2193",0.133407257632838
"2194",0.126740258160024
"2195",0.0888380234872491
"2196",0.771793938524324
"2197",0.639851599420744
"2198",0.421540509609014
"2199",0.220654529154168
"2200",0.114402571882666
"2201",0.139899285548579
"2202",0.343843189418858
"2203",0.473051391386593
"2204",0.332516784787829
"2205",0.304142094465782
"2206",0.662384331749596
"2207",0.372381379548515
"2208",0.292565478312347
"2209",0.0696671941243104
"2210",0.226637560861516
"2211",0.849368977083244
"2212",0.886520132387264
"2213",0.578855219833817
"2214",0.527594171546153
"2215",0.0797019685200659
"2216",0.226200522961326
"2217",0.204821834307161
"2218",0.565734716234302
"2219",0.356513696354445
"2220",0.277503767812838
"2221",0.234573339088616
"2222",0.343001177386262
"2223",0.15301975179467
"2224",0.424419329542602
"2225",0.0431714548603585
"2226",0.609206140168129
"2227",0.201557250811195
"2228",0.431989010241185
"2229",0.213860976387065
"2230",0.117028173981999
"2231",0.739757213021371
"2232",0.392133001918574
"2233",0.483261454235457
"2234",0.475644358514456
"2235",0.097667502302688
"2236",0.177401182497883
"2237",0.218573805094375
"2238",0.773792633590643
"2239",0.110626047222712
"2240",0.574421311678405
"2241",0.36561414333558
"2242",0.293727928923076
"2243",0.465254198606539
"2244",0.536326658789485
"2245",0.418960467975487
"2246",0.366166786114837
"2247",0.302305951634989
"2248",0.347178390087957
"2249",0.127479042351033
"2250",0.400158904411371
"2251",0.408467519643202
"2252",0.766291366464036
"2253",0.455402345335772
"2254",0.667984612625773
"2255",0.236989974277656
"2256",0.306710224602054
"2257",0.530110668517998
"2258",0.193679758687101
"2259",0.175787336930341
"2260",0.449203748432674
"2261",0.12337772688086
"2262",0.192287257600234
"2263",0.228154809653696
"2264",0.325266092346608
"2265",0.402723213791201
"2266",0.269521482145983
"2267",0.158125400827768
"2268",0.762268804684368
"2269",0.161689182694841
"2270",0.410790035923046
"2271",0.103858965951862
"2272",0.133412376768627
"2273",0.110665475073152
"2274",0.423726782021547
"2275",0.553490274093722
"2276",0.163887063113998
"2277",0.21003223716332
"2278",0.439508261456745
"2279",0.282080651656152
"2280",0.404886151585904
"2281",0.54224781096925
"2282",0.651973689022977
"2283",0.288219324509529
"2284",0.158848310818795
"2285",0.269366929361239
"2286",0.423337199072986
"2287",0.743259834758861
"2288",0.767111775168618
"2289",0.167030263441958
"2290",0.337083291878368
"2291",0.48773321548928
"2292",0.157148111709505
"2293",0.505045111338657
"2294",0.52834676651262
"2295",0.376613471067703
"2296",0.792642136019108
"2297",0.516235322330253
"2298",0.257315851594022
"2299",0.334997544433186
"2300",0.405673604844039
"2301",0.41500992674791
"2302",0.259444634428596
"2303",0.327575462681463
"2304",0.369609411645769
"2305",0.5159582531354
"2306",0.108288437487003
"2307",0.149569609129849
"2308",0.118799079774947
"2309",0.548127955486199
"2310",0.636290813280287
"2311",0.589488912920434
"2312",0.673862332201342
"2313",0.234709567062841
"2314",0.12669958573315
"2315",0.422482993140806
"2316",0.586054465395661
"2317",0.574370306950837
"2318",0.919135286561928
"2319",0.301176997045546
"2320",0.18144755571468
"2321",0.245660526669645
"2322",0.478631014586889
"2323",0.603892945557177
"2324",0.187810882762589
"2325",0.488596446256786
"2326",0.389246362934228
"2327",0.324109369501769
"2328",0.476209882443109
"2329",0.126692119657906
"2330",0.465484962538239
"2331",0.647265165645615
"2332",0.404272668568794
"2333",0.235951814494265
"2334",0.248452158914174
"2335",0.205827816014592
"2336",0.232432559000128
"2337",0.32801685969809
"2338",0.787141910429802
"2339",0.630547272834381
"2340",0.742150195641429
"2341",0.583313797333306
"2342",0.0517174795163794
"2343",0.435590769492541
"2344",0.186212111754826
"2345",0.0204974393897689
"2346",0.629337211124168
"2347",0.120188672333782
"2348",0.269304197835169
"2349",0.52708516946307
"2350",0.472885343644301
"2351",0.770823389815633
"2352",0.343424391373797
"2353",0.51819160037658
"2354",0.168045946401086
"2355",0.720349626994984
"2356",0.147804653259241
"2357",0.237680297721652
"2358",0.401546783887947
"2359",0.133416995935776
"2360",0.339110078238478
"2361",0.725762948247766
"2362",0.54156204448096
"2363",0.115181993113653
"2364",0.537280168436577
"2365",0.739150183727822
"2366",0.385342028051851
"2367",0.711222627915147
"2368",0.352946512351423
"2369",0.207603640871113
"2370",0.258271605639554
"2371",0.358146849123596
"2372",0.273871617607189
"2373",0.506969629738684
"2374",0.555589841587351
"2375",0.199348985470084
"2376",0.512354696973719
"2377",0.754706060801149
"2378",0.229318935901892
"2379",0.476188040750691
"2380",0.372104679858682
"2381",0.634112400142712
"2382",0.394847364907975
"2383",0.424436943750249
"2384",0.261126764905357
"2385",0.693049410329867
"2386",0.251768050703309
"2387",0.297684241027247
"2388",0.461088286173816
"2389",0.680349344421577
"2390",0.268363890150281
"2391",0.283115884188462
"2392",0.76181311782987
"2393",0.824844990441911
"2394",0.455025944343064
"2395",0.171160905325824
"2396",0.276766685431353
"2397",0.245924432328066
"2398",0.332381828455064
"2399",0.809849378224115
"2400",0.165806493436717
"2401",0.45024666636017
"2402",0.870789523803146
"2403",0.68831351870831
"2404",0.111445160728782
"2405",0.503974010925249
"2406",0.300930577988181
"2407",0.538158736540561
"2408",0.305838927448486
"2409",0.457970189319463
"2410",0.719469410265231
"2411",0.426066149338536
"2412",0.156143449706981
"2413",0.274467055981342
"2414",0.344098398663061
"2415",0.325736791011811
"2416",0.236840583282308
"2417",0.194461466959491
"2418",0.165343839685111
"2419",0.216036168590313
"2420",0.70270658159766
"2421",0.343872100482268
"2422",0.218232597169812
"2423",0.1285855133715
"2424",0.66563331354026
"2425",0.438055494681195
"2426",0.151712878955349
"2427",0.135735063281748
"2428",0.528403213343727
"2429",0.418350477618391
"2430",0.204970784356602
"2431",0.36901889795242
"2432",0.117166969815356
"2433",0.0680587434651134
"2434",0.45981073541701
"2435",0.477031639126658
"2436",0.278985358321608
"2437",0.297577379925382
"2438",0.36949928601031
"2439",0.120508374678453
"2440",0.269289182405336
"2441",0.116722855377821
"2442",0.396353259497757
"2443",0.566372948308973
"2444",0.327231237589914
"2445",0.406868089784873
"2446",0.237035950237399
"2447",0.429948207575699
"2448",0.195269333149937
"2449",0.215801501809546
"2450",0.53586790523844
"2451",0.57565466240527
"2452",0.618480512906729
"2453",0.110544628166281
"2454",0.382931966065575
"2455",0.556005567536274
"2456",0.256292758453324
"2457",0.745992814944138
"2458",0.757877784185488
"2459",0.165287103274008
"2460",0.878958700801853
"2461",0.243532762761309
"2462",0.333128624373928
"2463",0.206192190073433
"2464",0.334502016249331
"2465",0.154540143283511
"2466",0.160062008616291
"2467",0.350331583577928
"2468",0.180602863295387
"2469",0.328811124810422
"2470",0.606613822303183
"2471",0.229922530433526
"2472",0.229329758418584
"2473",0.218292498054238
"2474",0.528033653308683
"2475",0.171918680093459
"2476",0.207941652163505
"2477",0.260205380339414
"2478",0.257628512701059
"2479",0.355296898737371
"2480",0.763509690804689
"2481",0.591998944483765
"2482",0.1017157407182
"2483",0.591490586234372
"2484",0.236533174856986
"2485",0.343048792426149
"2486",0.158209589466079
"2487",0.227165283674161
"2488",0.363924139639105
"2489",0.307385569723736
"2490",0.198461466959491
"2491",0.225141078208847
"2492",0.795628200522776
"2493",0.0391325513124585
"2494",0.348524548378441
"2495",0.229789015910174
"2496",0.309102608466148
"2497",0.756759062180764
"2498",0.247581080012595
"2499",0.104674275691795
"2500",0.199987963380781
"2501",0.183351017958027
"2502",0.62770657621412
"2503",0.495432927099618
"2504",0.663902988205316
"2505",0.521656403543713
"2506",0.461834236676833
"2507",0.497659965972141
"2508",0.260809257255336
"2509",0.0881066584570262
"2510",0.228825247138794
"2511",0.271289368419522
"2512",0.588634253924736
"2513",0.194058477642423
"2514",0.313209732380649
"2515",0.312003018009724
"2516",0.381376051141165
"2517",0.230542590002508
"2518",0.354185406938882
"2519",0.851246167208216
"2520",0.310532134311492
"2521",0.112569016059014
"2522",0.180686772100117
"2523",0.289734558665012
"2524",0.170092849808835
"2525",0.390576539226064
"2526",0.249124793543352
"2527",0.412275801647484
"2528",0.119468301521522
"2529",0.275600095347836
"2530",0.509887122348474
"2531",0.21629081415767
"2532",0.133579431930978
"2533",0.670492027246222
"2534",0.902657395526779
"2535",0.314555087374784
"2536",0.207317064077774
"2537",0.274596756535601
"2538",0.424873300418674
"2539",0.387351604186733
"2540",0.576719684352195
"2541",0.445515516628243
"2542",0.33804059081678
"2543",0.312796366826737
"2544",0.314272280319518
"2545",0.629541577621001
"2546",0.351013803952546
"2547",0.191302247972081
"2548",0.745764578237265
"2549",0.269785178970702
"2550",0.146570180791486
"2551",0.632445072550315
"2552",0.392620547715072
"2553",0.28408667778593
"2554",0.344525912007978
"2555",0.230836207336234
"2556",0.188871686344861
"2557",0.426816433726658
"2558",0.234252457103067
"2559",0.287698542487439
"2560",0.478377675854635
"2561",0.911388899203058
"2562",0.808272185432163
"2563",0.411985025080671
"2564",0.140354822342366
"2565",0.426553854306143
"2566",0.522051414405484
"2567",0.211372708035431
"2568",0.226940454322438
"2569",0.669491370117641
"2570",0.135358280759322
"2571",0.269884340877295
"2572",0.339968907968281
"2573",0.168679865898075
"2574",0.256598052171029
"2575",0.244273299143736
"2576",0.235764316704916
"2577",0.671319894971673
"2578",0.433430652979065
"2579",0.469953629109875
"2580",0.124838365219614
"2581",0.420480483427444
"2582",0.315418407163331
"2583",0.201846862869734
"2584",0.260506499105237
"2585",0.417638757807496
"2586",0.386377991855282
"2587",0.0805798774921412
"2588",0.590833018780764
"2589",0.152739531986706
"2590",0.670612346287093
"2591",0.496105454512688
"2592",0.658986997623623
"2593",0.341416645395967
"2594",0.587057635390075
"2595",0.590993614375551
"2596",0.336140596229456
"2597",0.329581470350341
"2598",0.310852624910859
"2599",0.503107355025527
"2600",0.464281021235315
"2601",0.138132790237911
"2602",0.467191047639717
"2603",0.136079899838583
"2604",0.474308404142696
"2605",0.311203334886778
"2606",0.206845890877882
"2607",0.237652261539395
"2608",0.496294958213778
"2609",0.584933042698047
"2610",0.275805728645741
"2611",0.237906067577262
"2612",0.259518115858983
"2613",0.701220569577981
"2614",0.22066290598677
"2615",0.388260005981765
"2616",0.818868244015642
"2617",0.522786536130557
"2618",0.255071834546985
"2619",0.466354804182745
"2620",0.486134702830475
"2621",0.5756754677744
"2622",0.214377144044122
"2623",0.573545028609734
"2624",0.265536400307262
"2625",0.224176995169683
"2626",0.215202654716215
"2627",0.460620662139044
"2628",0.252406749481141
"2629",0.0691398596863608
"2630",0.649327614716981
"2631",0.280389050801563
"2632",0.262582222134307
"2633",0.415233994982799
"2634",0.715046656893226
"2635",0.189676807980012
"2636",0.222909742966441
"2637",0.343828335096657
"2638",0.793919953984559
"2639",0.298896589446916
"2640",0.401105284966786
"2641",0.212620991153088
"2642",0.276240576336168
"2643",0.307185088370515
"2644",0.163016486049837
"2645",0.502597225171715
"2646",0.449014489914962
"2647",0.584808569357915
"2648",0.739537555475475
"2649",0.727554476174778
"2650",0.252675679503504
"2651",0.217557898295702
"2652",0.373424899525259
"2653",0.613346623110472
"2654",0.337572839256625
"2655",0.252113332113625
"2656",0.374361859404758
"2657",0.4874882881681
"2658",0.291097288633127
"2659",0.136242679552949
"2660",0.307044298162977
"2661",0.752432908955587
"2662",0.252808040956298
"2663",0.353578885896578
"2664",0.227171696563597
"2665",0.601224806636582
"2666",0.138043659741138
"2667",0.312812045896369
"2668",0.607577418654354
"2669",0.253912072838066
"2670",0.405475739254617
"2671",0.637340707576462
"2672",0.565383367301096
"2673",0.401755930297145
"2674",0.658384769814127
"2675",0.60639520754678
"2676",0.279610211203141
"2677",0.251982600204282
"2678",0.314521482993161
"2679",0.504636624742948
"2680",0.492502744745008
"2681",0.480189993851149
"2682",0.806697066216928
"2683",0.662047543691775
"2684",0.74842555343433
"2685",0.366500386127366
"2686",0.226606503464209
"2687",0.26379958685294
"2688",0.662864160215681
"2689",0.278433974880561
"2690",0.303658999308675
"2691",0.597829555860349
"2692",0.773409154726208
"2693",0.783199909492655
"2694",0.144120381991481
"2695",0.543635559106005
"2696",0.357791203093676
"2697",0.422809739004154
"2698",0.383629007850406
"2699",0.544411436626872
"2700",0.22328246511992
"2701",0.33664228749881
"2702",0.329667585888449
"2703",0.375525652123363
"2704",0.516333169519021
"2705",0.646036260234856
"2706",0.57584906761568
"2707",0.153617350101192
"2708",0.41117487473207
"2709",0.133579431930978
"2710",0.366027967235294
"2711",0.358993568218868
"2712",0.413853044845034
"2713",0.185643615463006
"2714",0.55540793157056
"2715",0.381277716698103
"2716",0.805118761219657
"2717",0.125178889068522
"2718",0.343462304027023
"2719",0.305099629804981
"2720",0.663516627830973
"2721",0.13353830689847
"2722",0.510682733353444
"2723",0.427148393273806
"2724",0.588586009854969
"2725",0.227239797052198
"2726",0.411919324030279
"2727",0.493953961680687
"2728",0.488549164922036
"2729",0.523602849117453
"2730",0.556577456126605
"2731",0.286609648735416
"2732",0.473826655436475
"2733",0.068132808498726
"2734",0.40777039555466
"2735",0.228595339948673
"2736",0.572181410730667
"2737",0.393980509122083
"2738",0.253918394430039
"2739",0.146852225147101
"2740",0.291382823889885
"2741",0.279978948888799
"2742",0.600477558596816
"2743",0.269975704884419
"2744",0.158408185659979
"2745",0.485013286904202
"2746",0.227673512588478
"2747",0.327936812882922
"2748",0.549036223124194
"2749",0.271549842661097
"2750",0.493676065231414
"2751",0.432026045869601
"2752",0.202401342880814
"2753",0.428082024876648
"2754",0.590642472975325
"2755",0.626269819917707
"2756",0.169022290072827
"2757",0.296321383275341
"2758",0.751506070207211
"2759",0.322290893439233
"2760",0.141282870337114
"2761",0.353136465847117
"2762",0.185157428733945
"2763",0.211302868085897
"2764",0.272235679356663
"2765",0.472243612497947
"2766",0.516980274118372
"2767",0.305102662714018
"2768",0.407908061103739
"2769",0.372112947956015
"2770",0.389594507876478
"2771",0.675531045304885
"2772",0.110200158306818
"2773",0.116334035701801
"2774",0.556103671786599
"2775",0.536114740148053
"2776",0.27166804424101
"2777",0.349373789506846
"2778",0.237654779288028
"2779",0.590852025870457
"2780",0.662481526173676
"2781",0.194249170586552
"2782",0.323336437841718
"2783",0.268592908746294
"2784",0.492607814275972
"2785",0.807278883374097
"2786",0.518303689410479
"2787",0.23062431862773
"2788",0.247681570983642
"2789",0.918933272361981
"2790",0.547275567186445
"2791",0.239007766158726
"2792",0.377622022386123
"2793",0.432938662337931
"2794",0.108709875577764
"2795",0.357857807596614
"2796",0.24851331979121
"2797",0.397096455953063
"2798",0.334248801473694
"2799",0.458557304250431
"2800",0.477417647338639
"2801",0.637629441140705
"2802",0.410300153747115
"2803",0.228402544380313
"2804",0.129202446500517
"2805",0.406682944394456
"2806",0.221570327034793
"2807",0.380373245312365
"2808",0.385982895013579
"2809",0.371038283854647
"2810",0.319143073741244
"2811",0.678896887998521
"2812",0.282521333525947
"2813",0.446774432570014
"2814",0.473014216631462
"2815",0.347423092831374
"2816",0.453243255501435
"2817",0.178198510611032
"2818",0.521825405351509
"2819",0.379414509539997
"2820",0.404149136330312
"2821",0.38087907013537
"2822",0.557765470890646
"2823",0.363442781823709
"2824",0.518611136801714
"2825",0.168568756567697
"2826",0.307296715121666
"2827",0.857474410695708
"2828",0.0840318750556001
"2829",0.531298460129414
"2830",0.445096276980718
"2831",0.407949423256404
"2832",0.337390674650188
"2833",0.654916760965558
"2834",0.0975098521864385
"2835",0.437038502663523
"2836",0.266241122217928
"2837",0.142928754138877
"2838",0.646840643963882
"2839",0.415336341648693
"2840",0.428374719333657
"2841",0.18387616547052
"2842",0.595245422324232
"2843",0.417594007685779
"2844",0.653719473987171
"2845",0.46917974405286
"2846",0.277138855208326
"2847",0.411358719744794
"2848",0.542454340818204
"2849",0.609054131444196
"2850",0.823323999305362
"2851",0.518479445290634
"2852",0.221311243008777
"2853",0.355689044745555
"2854",0.421434253079914
"2855",0.320359258531751
"2856",0.701895001324137
"2857",0.405984687844013
"2858",0.327177608333323
"2859",0.226364546613708
"2860",0.173192595688931
"2861",0.581028884189167
"2862",0.319801429287149
"2863",0.350561930127978
"2864",0.0523168052560453
"2865",0.30894814443034
"2866",0.326654573134039
"2867",0.172207734005068
"2868",0.178802612448164
"2869",0.315626246487324
"2870",0.098853078809
"2871",0.535558771561743
"2872",0.712555209950373
"2873",0.257527752265427
"2874",0.245474736744737
"2875",0.271080164142555
"2876",0.216362324799898
"2877",0.513691596485991
"2878",0.710466009511391
"2879",0.604474998849955
"2880",0.205677193826266
"2881",0.265083149365652
"2882",0.62987565209712
"2883",0.280473853772992
"2884",0.382115975499046
"2885",0.232950931238545
"2886",0.355161495511363
"2887",0.131264113293376
"2888",0.394193695977172
"2889",0.185921297002067
"2890",0.240978275954121
"2891",0.286525783245826
"2892",0.427556644833561
"2893",0.316597291830976
"2894",0.31368642420309
"2895",0.268109384378961
"2896",0.272026619224677
"2897",0.46394061742738
"2898",0.278581299619704
"2899",0.737509914898562
"2900",0.151956849397803
"2901",0.310532134311492
"2902",0.240883926772935
"2903",0.374381165827512
"2904",0.549991563204708
"2905",0.85680375342264
"2906",0.508039526539181
"2907",0.495475859425673
"2908",0.519005480869303
"2909",0.286198824371903
"2910",0.521553006496428
"2911",0.0987678325176801
"2912",0.124989008318716
"2913",0.37852822497712
"2914",0.735704120768353
"2915",0.333542365589057
"2916",0.589359692721005
"2917",0.293659255949603
"2918",0.352846030835542
"2919",0.389731168262952
"2920",0.0500244250343632
"2921",0.852863623398737
"2922",0.425707825566344
"2923",0.670762443149893
"2924",0.401074867780118
"2925",0.278186016279107
"2926",0.0419007230218478
"2927",0.445518293884064
"2928",0.621633705369674
"2929",0.507720675580165
"2930",0.255242350868699
"2931",0.219504999774388
"2932",0.543494471453901
"2933",0.334443033029442
"2934",0.565215117173351
"2935",0.39810313407667
"2936",0.31348760511819
"2937",0.207073827658792
"2938",0.0947329034645116
"2939",0.644718011936822
"2940",0.440365915127722
"2941",0.373193251864142
"2942",0.729383148796218
"2943",0.558272846076678
"2944",0.42464060961799
"2945",0.244955826611224
"2946",0.49398097423949
"2947",0.902657395526779
"2948",0.44826312116008
"2949",0.263921933283474
"2950",0.155907074015978
"2951",0.207278041254862
"2952",0.167852113369081
"2953",0.289815924826664
"2954",0.182137192695392
"2955",0.602918634202448
"2956",0.589072674750664
"2957",0.458320237618753
"2958",0.211270595152497
"2959",0.52688777914108
"2960",0.649417798213905
"2961",0.143110513786917
"2962",0.384143087574905
"2963",0.327485357173395
"2964",0.232132259127657
"2965",0.257711732658369
"2966",0.0883331614260462
"2967",0.236235885496975
"2968",0.295859552042161
"2969",0.357858090289948
"2970",0.527772916506271
"2971",0.116510906657113
"2972",0.229353804056837
"2973",0.237898820615039
"2974",0.350396272767415
"2975",0.408586901651291
"2976",0.419858951720794
"2977",0.129872408905088
"2978",0.247430313118646
"2979",0.642225778348536
"2980",0.482034420170395
"2981",0.531486357065021
"2982",0.226143692884568
"2983",0.182275056007245
"2984",0.656897656368367
"2985",0.454775645725296
"2986",0.385716626040103
"2987",0.534895219960991
"2988",0.604233880307248
"2989",0.446854790211709
"2990",0.313559690565565
"2991",0.719303282874317
"2992",0.524486194376686
"2993",0.119595369683659
"2994",0.105802527188396
"2995",0.330989728173086
"2996",0.39373352682782
"2997",0.150944301254976
"2998",0.292854226142807
"2999",0.353156553977656
"3000",0.60753065829816
"3001",0.298916147090017
"3002",0.173824348940217
"3003",0.226549802024641
"3004",0.392471624432186
"3005",0.413799610949689
"3006",0.272385659793035
"3007",0.504862957245073
"3008",0.778194191126206
"3009",0.392358698362296
"3010",0.330506035709588
"3011",0.456183237795919
"3012",0.294184860009721
"3013",0.43682737872831
"3014",0.460162005752255
"3015",0.431723438394362
"3016",0.353681865886084
"3017",0.435503253215632
"3018",0.57715441388005
"3019",0.539372304456026
"3020",0.74401390141848
"3021",0.387309342856327
"3022",0.142869435813052
"3023",0.363537636863197
"3024",0.123560650118069
"3025",0.615342868166249
"3026",0.599805030042869
"3027",0.311932763692401
"3028",0.475337551459539
"3029",0.583063797655832
"3030",0.312668242860845
"3031",0.231703274828542
"3032",0.695007155028495
"3033",0.364234665360695
"3034",0.0734666101066638
"3035",0.555927512590497
"3036",0.396890350599537
"3037",0.227438643883252
"3038",0.423671746944109
"3039",0.329753448631966
"3040",0.407468548451435
"3041",0.470238125119664
"3042",0.32687719139682
"3043",0.77758196369643
"3044",0.387791327633332
"3045",0.246302697779119
"3046",0.648227057581687
"3047",0.534992620613973
"3048",0.499491678696407
"3049",0.571242815323837
"3050",0.35928715851391
"3051",0.517717637983162
"3052",0.141463298651755
"3053",0.337656657652994
"3054",0.227705346700084
"3055",0.0968585481028542
"3056",0.276633292776084
"3057",0.643347181505204
"3058",0.198970928550879
"3059",0.298674382197065
"3060",0.493773129575507
"3061",0.389045271513946
"3062",0.428754433634621
"3063",0.542951735047696
"3064",0.219357136658678
"3065",0.409443906877864
"3066",0.719909164839135
"3067",0.733830595765258
"3068",0.303964838377404
"3069",0.856331520680189
"3070",0.258695748651018
"3071",0.208742193758832
"3072",0.455394750134705
"3073",0.31774699639266
"3074",0.569108499039621
"3075",0.293040761465141
"3076",0.102717987833967
"3077",0.308540890491377
"3078",0.365532201433977
"3079",0.209479371824252
"3080",0.467056682228545
"3081",0.446640714618279
"3082",0.266021374126962
"3083",0.730372247766707
"3084",0.324113284256838
"3085",0.558582488302354
"3086",0.392821387489566
"3087",0.59800656871733
"3088",0.192027154758207
"3089",0.3302452283282
"3090",0.584452096426109
"3091",0.475282987509671
"3092",0.0841042472750561
"3093",0.0869635617625022
"3094",0.16724277210974
"3095",0.671319894971673
"3096",0.348208178641968
"3097",0.293991491128831
"3098",0.365656512220161
"3099",0.335263350993263
"3100",0.363526589052911
"3101",0.105849644653102
"3102",0.460680642404873
"3103",0.429564611847912
"3104",0.420397055382887
"3105",0.237730583805842
"3106",0.230749705443424
"3107",0.273795675710608
"3108",0.851404827601761
"3109",0.866156545946104
"3110",0.334162667801457
"3111",0.77052914066319
"3112",0.336883766001626
"3113",0.80013510077166
"3114",0.435973013444185
"3115",0.276818806994594
"3116",0.140734430910959
"3117",0.749594108635744
"3118",0.664657700562919
"3119",0.227666666955209
"3120",0.523933880346558
"3121",0.728338893063619
"3122",0.0912868248180512
"3123",0.555522311571134
"3124",0.239607884874576
"3125",0.233943034967553
"3126",0.0438877606060428
"3127",0.65912914751356
"3128",0.317170918187936
"3129",0.341408293271666
"3130",0.551319461061108
"3131",0.2482370727629
"3132",0.209050520144751
"3133",0.242457875157238
"3134",0.767056274710902
"3135",0.451298181059736
"3136",0.367543838697193
"3137",0.262108123316125
"3138",0.810537506523126
"3139",0.101926818551819
"3140",0.539586620744846
"3141",0.415781589053931
"3142",0.834575867275859
"3143",0.526836676513237
"3144",0.317080363225301
"3145",0.239167093682636
"3146",0.125111126087906
"3147",0.215846062776654
"3148",0.667459530107189
"3149",0.242282585535288
"3150",0.77052914066319
"3151",0.257725981988427
"3152",0.817063391832691
"3153",0.114791818576734
"3154",0.226153451917225
"3155",0.744111905791658
"3156",0.244425149851906
"3157",0.55553755956743
"3158",0.140937635923465
"3159",0.212636495440557
"3160",0.179180556200009
"3161",0.556276235390525
"3162",0.600585922531559
"3163",0.0741078008773927
"3164",0.573538670254443
"3165",0.615231084450088
"3166",0.823317133422461
"3167",0.20293895266533
"3168",0.134318408704508
"3169",0.197027321110109
"3170",0.148133474254303
"3171",0.438935355237037
"3172",0.427691031936778
"3173",0.144661641943736
"3174",0.484923311839407
"3175",0.549625692738994
"3176",0.826626801500918
"3177",0.153778266580666
"3178",0.170186126142497
"3179",0.410481743506907
"3180",0.501462744217025
"3181",0.530015807060283
"3182",0.523798343198761
"3183",0.265177847819269
"3184",0.533565144703937
"3185",0.411973473129852
"3186",0.351595601986112
"3187",0.313617958418352
"3188",0.590911408056676
"3189",0.595012675569259
"3190",0.27930990285815
"3191",0.242888477509908
"3192",0.226596613306591
"3193",0.431770810449993
"3194",0.100914657368677
"3195",0.241025616681805
"3196",0.610291161360753
"3197",0.147362744969488
"3198",0.256932363677592
"3199",0.243291103849296
"3200",0.460820399313965
"3201",0.175742822681658
"3202",0.706031937200178
"3203",0.490465026510872
"3204",0.506533960763793
"3205",0.406002144165785
"3206",0.339354528478058
"3207",0.302166379274124
"3208",0.368775074322729
"3209",0.436476908646909
"3210",0.300629907830316
"3211",0.603211288431329
"3212",0.836120471976857
"3213",0.443834361826655
"3214",0.438156006670929
"3215",0.488500619556037
"3216",0.663614707929363
"3217",0.178525352029902
"3218",0.227588897443137
"3219",0.490997532631153
"3220",0.233848947054207
"3221",0.337717023677663
"3222",0.160315510173812
"3223",0.439499767368754
"3224",0.153324138266889
"3225",0.385622649472467
"3226",0.517924674176693
"3227",0.411984884818828
"3228",0.190596966969203
"3229",0.207317064077774
"3230",0.298888199305662
"3231",0.334154985099122
"3232",0.664602806251263
"3233",0.495776568252623
"3234",0.479824565665493
"3235",0.330846675710725
"3236",0.254067496515633
"3237",0.396297570359588
"3238",0.25376813352681
"3239",0.279016797219728
"3240",0.502928394692195
"3241",0.281695714395952
"3242",0.543343883238837
"3243",0.682473444410371
"3244",0.139448550644118
"3245",0.212389533311091
"3246",0.369501022226502
"3247",0.44821686716431
"3248",0.104286012830326
"3249",0.736986876411239
"3250",0.321924513339483
"3251",0.496904264633529
"3252",0.234248761503703
"3253",0.0682515789653017
"3254",0.434009016143045
"3255",0.899019781458289
"3256",0.221894594195505
"3257",0.417694269115382
"3258",0.598468468517517
"3259",0.209139144821968
"3260",0.715400203414105
"3261",0.517967444107406
"3262",0.134102086638315
"3263",0.408246525488215
"3264",0.323330186173666
"3265",0.132620394133442
"3266",0.494800665927412
"3267",0.18446679485984
"3268",0.363069260167563
"3269",0.159658916117674
"3270",0.672831012169231
"3271",0.256652201687317
"3272",0.264767894894409
"3273",0.09927521667305
"3274",0.37639813281966
"3275",0.343265742938239
"3276",0.12208305524291
"3277",0.33279013171701
"3278",0.310956297199849
"3279",0.549882008756828
"3280",0.374222245245329
"3281",0.617546768938049
"3282",0.293868382688718
"3283",0.703809656312778
"3284",0.64601732058327
"3285",0.246933321173655
"3286",0.0988305518758674
"3287",0.516181534392416
"3288",0.441610224007985
"3289",0.358162770967849
"3290",0.422848246874734
"3291",0.611985971645279
"3292",0.728787781659252
"3293",0.596073803994066
"3294",0.572567799777387
"3295",0.321815059400748
"3296",0.551909758988531
"3297",0.589618527106872
"3298",0.176306108569663
"3299",0.36816690284211
"3300",0.564493334104123
"3301",0.210077038813315
"3302",0.156706699041799
"3303",0.448717746256991
"3304",0.293854177052645
"3305",0.565357862164844
"3306",0.371720694950437
"3307",0.260978391112999
"3308",0.302036570836571
"3309",0.0813856183464817
"3310",0.410371405931554
"3311",0.190398664063797
"3312",0.586160583162949
"3313",0.267121723826872
"3314",0.250525835261545
"3315",0.49410158290048
"3316",0.401662711849812
"3317",0.339879942040381
"3318",0.493796242266105
"3319",0.259089698035909
"3320",0.282320965970208
"3321",0.198295472502252
"3322",0.694567169834076
"3323",0.482268901781094
"3324",0.356506387992325
"3325",0.300805264843959
"3326",0.33305560883966
"3327",0.616938689737004
"3328",0.666131421229975
"3329",0.675398106508461
"3330",0.243405476351257
"3331",0.519004109815258
"3332",0.38403141896371
"3333",0.604002294495192
"3334",0.615957728525781
"3335",0.1134823969664
"3336",0.541577749773427
"3337",0.0625599642033933
"3338",0.21990127055861
"3339",0.348328639189409
"3340",0.71979739242661
"3341",0.309044462248923
"3342",0.723717091451864
"3343",0.234230707429275
"3344",0.326177745988884
"3345",0.139372435744429
"3346",0.369671323346941
"3347",0.208436695302137
"3348",0.132511650538455
"3349",0.326474231413092
"3350",0.375412670812888
"3351",0.391324090505492
"3352",0.175350326852757
"3353",0.18161426349463
"3354",0.223086097708072
"3355",0.271225908913956
"3356",0.483463543635691
"3357",0.598883476800788
"3358",0.249343619457346
"3359",0.117955997032437
"3360",0.357486926715714
"3361",0.0259944588941274
"3362",0.185667503392191
"3363",0.715015052376759
"3364",0.281152888484211
"3365",0.658244213501564
"3366",0.47831155045446
"3367",0.477582446723044
"3368",0.110190790461185
"3369",0.135959643133446
"3370",0.355138347563538
"3371",0.598812628979861
"3372",0.534379350192698
"3373",0.603117625604154
"3374",0.128655349243002
"3375",0.554277215095366
"3376",0.573662456521348
"3377",0.607798682027605
"3378",0.771168785341846
"3379",0.125104394956107
"3380",0.587070030862136
"3381",0.476774753166151
"3382",0.482810347998116
"3383",0.586435111181854
"3384",0.261490279943734
"3385",0.336711774517462
"3386",0.3688649447594
"3387",0.212718499166034
"3388",0.268422801024179
"3389",0.547429698592956
"3390",0.376387885164601
"3391",0.461817223002183
"3392",0.429261601699164
"3393",0.200305341426099
"3394",0.185416647240664
"3395",0.778962475117643
"3396",0.532051087554739
"3397",0.505037912035709
"3398",0.371358609910843
"3399",0.296299398243739
"3400",0.251006491642686
"3401",0.416279482249166
"3402",0.600638149622337
"3403",0.411949413611264
"3404",0.199600868851937
"3405",0.153952526707169
"3406",0.248675547129147
"3407",0.495460395448443
"3408",0.682082729172565
"3409",0.669850887021475
"3410",0.555848482416948
"3411",0.218875091601476
"3412",0.35248175557066
"3413",0.120154448702266
"3414",0.19124372906069
"3415",0.593251829131907
"3416",0.20534852547358
"3417",0.530130223730605
"3418",0.245977587106165
"3419",0.426623253366181
"3420",0.203539530555397
"3421",0.233277442053455
"3422",0.316238306960546
"3423",0.253456210155736
"3424",0.303205621221347
"3425",0.355125318161629
"3426",0.0567249367207553
"3427",0.515562784072666
"3428",0.736877906133255
"3429",0.711778397463706
"3430",0.514916294165283
"3431",0.229617016290518
"3432",0.406293653998102
"3433",0.523602849117453
"3434",0.0799345651920492
"3435",0.0609974848887072
"3436",0.395116458576718
"3437",0.386683162051927
"3438",0.289841348305551
"3439",0.311803765545255
"3440",0.171196899589232
"3441",0.235743878985549
"3442",0.304201704099773
"3443",0.842401926613078
"3444",0.558253229676536
"3445",0.294839317402827
"3446",0.090246885840631
"3447",0.306834313371456
"3448",0.230600651895205
"3449",0.460072651879629
"3450",0.294878097207505
"3451",0.275383808698421
"3452",0.521167259693336
"3453",0.356315510585161
"3454",0.316117501705204
"3455",0.185752367505691
"3456",0.207903147061891
"3457",0.574213994505978
"3458",0.315804203174375
"3459",0.284144541817637
"3460",0.694429288762606
"3461",0.355655234077575
"3462",0.494135847499959
"3463",0.372819333494493
"3464",0.876098832032178
"3465",0.639465429798762
"3466",0.849087940873742
"3467",0.388866383582103
"3468",0.730798107058845
"3469",0.175022342111323
"3470",0.257120212207815
"3471",0.383055877871553
"3472",0.131657512524332
"3473",0.101319800979241
"3474",0.328543231916017
"3475",0.37855347611715
"3476",0.388796971163377
"3477",0.331896796762626
"3478",0.251177422127016
"3479",0.10681691936059
"3480",0.326809888456744
